{
	"start":	{
		"connected":	[{
				"socket":	5,
				"local_host":	"10.244.151.67",
				"local_port":	51660,
				"remote_host":	"10.244.82.134",
				"remote_port":	5201
			}],
		"version":	"iperf 3.19.1",
		"system_info":	"Linux iperf3-client-66995c9646-qxbhr 6.17.0-14-generic #14~24.04.1-Ubuntu SMP PREEMPT_DYNAMIC Thu Jan 15 15:52:10 UTC 2 x86_64",
		"timestamp":	{
			"time":	"Mon, 13 Apr 2026 10:41:22 UTC",
			"timesecs":	1776076882
		},
		"connecting_to":	{
			"host":	"10.244.82.134",
			"port":	5201
		},
		"cookie":	"67domg45lr4k4tkmj3hxxc77mzq6fsnkglba",
		"tcp_mss_default":	1398,
		"target_bitrate":	0,
		"fq_rate":	0,
		"sock_bufsize":	0,
		"sndbuf_actual":	16384,
		"rcvbuf_actual":	131072,
		"test_start":	{
			"protocol":	"TCP",
			"num_streams":	1,
			"blksize":	131072,
			"omit":	0,
			"duration":	10,
			"bytes":	0,
			"blocks":	0,
			"reverse":	0,
			"tos":	0,
			"target_bitrate":	0,
			"bidir":	0,
			"fqrate":	0,
			"interval":	1
		}
	},
	"intervals":	[{
			"streams":	[{
					"socket":	5,
					"start":	0,
					"end":	1.000232,
					"seconds":	1.0002319812774658,
					"bytes":	1326972928,
					"bits_per_second":	10613321332.15921,
					"retransmits":	0,
					"snd_cwnd":	531240,
					"snd_wnd":	-1,
					"rtt":	102,
					"rttvar":	21,
					"pmtu":	1450,
					"omitted":	false,
					"sender":	true
				}],
			"sum":	{
				"start":	0,
				"end":	1.000232,
				"seconds":	1.0002319812774658,
				"bytes":	1326972928,
				"bits_per_second":	10613321332.15921,
				"retransmits":	0,
				"omitted":	false,
				"sender":	true
			}
		}, {
			"streams":	[{
					"socket":	5,
					"start":	1.000232,
					"end":	2.000227,
					"seconds":	0.999994993209839,
					"bytes":	455081984,
					"bits_per_second":	3640674100.0912642,
					"retransmits":	0,
					"snd_cwnd":	531240,
					"snd_wnd":	-1,
					"rtt":	115,
					"rttvar":	32,
					"pmtu":	1450,
					"omitted":	false,
					"sender":	true
				}],
			"sum":	{
				"start":	1.000232,
				"end":	2.000227,
				"seconds":	0.999994993209839,
				"bytes":	455081984,
				"bits_per_second":	3640674100.0912642,
				"retransmits":	0,
				"omitted":	false,
				"sender":	true
			}
		}, {
			"streams":	[{
					"socket":	5,
					"start":	2.000227,
					"end":	3.000225,
					"seconds":	0.99999797344207764,
					"bytes":	1121845248,
					"bits_per_second":	8974780171.91186,
					"retransmits":	0,
					"snd_cwnd":	531240,
					"snd_wnd":	-1,
					"rtt":	90,
					"rttvar":	24,
					"pmtu":	1450,
					"omitted":	false,
					"sender":	true
				}],
			"sum":	{
				"start":	2.000227,
				"end":	3.000225,
				"seconds":	0.99999797344207764,
				"bytes":	1121845248,
				"bits_per_second":	8974780171.91186,
				"retransmits":	0,
				"omitted":	false,
				"sender":	true
			}
		}, {
			"streams":	[{
					"socket":	5,
					"start":	3.000225,
					"end":	4.000252,
					"seconds":	1.0000269412994385,
					"bytes":	1151336448,
					"bits_per_second":	9210443442.68525,
					"retransmits":	0,
					"snd_cwnd":	622110,
					"snd_wnd":	-1,
					"rtt":	130,
					"rttvar":	38,
					"pmtu":	1450,
					"omitted":	false,
					"sender":	true
				}],
			"sum":	{
				"start":	3.000225,
				"end":	4.000252,
				"seconds":	1.0000269412994385,
				"bytes":	1151336448,
				"bits_per_second":	9210443442.68525,
				"retransmits":	0,
				"omitted":	false,
				"sender":	true
			}
		}, {
			"streams":	[{
					"socket":	5,
					"start":	4.000252,
					"end":	5.000344,
					"seconds":	1.0000920295715332,
					"bytes":	506724352,
					"bits_per_second":	4053421781.33022,
					"retransmits":	0,
					"snd_cwnd":	654264,
					"snd_wnd":	-1,
					"rtt":	110,
					"rttvar":	32,
					"pmtu":	1450,
					"omitted":	false,
					"sender":	true
				}],
			"sum":	{
				"start":	4.000252,
				"end":	5.000344,
				"seconds":	1.0000920295715332,
				"bytes":	506724352,
				"bits_per_second":	4053421781.33022,
				"retransmits":	0,
				"omitted":	false,
				"sender":	true
			}
		}, {
			"streams":	[{
					"socket":	5,
					"start":	5.000344,
					"end":	6.00023,
					"seconds":	0.99988597631454468,
					"bytes":	1161297920,
					"bits_per_second":	9291442804.5517731,
					"retransmits":	0,
					"snd_cwnd":	690612,
					"snd_wnd":	-1,
					"rtt":	98,
					"rttvar":	29,
					"pmtu":	1450,
					"omitted":	false,
					"sender":	true
				}],
			"sum":	{
				"start":	5.000344,
				"end":	6.00023,
				"seconds":	0.99988597631454468,
				"bytes":	1161297920,
				"bits_per_second":	9291442804.5517731,
				"retransmits":	0,
				"omitted":	false,
				"sender":	true
			}
		}, {
			"streams":	[{
					"socket":	5,
					"start":	6.00023,
					"end":	7.000838,
					"seconds":	1.000607967376709,
					"bytes":	924450816,
					"bits_per_second":	7391112972.43519,
					"retransmits":	0,
					"snd_cwnd":	690612,
					"snd_wnd":	-1,
					"rtt":	99,
					"rttvar":	40,
					"pmtu":	1450,
					"omitted":	false,
					"sender":	true
				}],
			"sum":	{
				"start":	6.00023,
				"end":	7.000838,
				"seconds":	1.000607967376709,
				"bytes":	924450816,
				"bits_per_second":	7391112972.43519,
				"retransmits":	0,
				"omitted":	false,
				"sender":	true
			}
		}, {
			"streams":	[{
					"socket":	5,
					"start":	7.000838,
					"end":	8.000265,
					"seconds":	0.99942702054977417,
					"bytes":	1182793728,
					"bits_per_second":	9467774664.3220253,
					"retransmits":	0,
					"snd_cwnd":	724164,
					"snd_wnd":	-1,
					"rtt":	86,
					"rttvar":	20,
					"pmtu":	1450,
					"omitted":	false,
					"sender":	true
				}],
			"sum":	{
				"start":	7.000838,
				"end":	8.000265,
				"seconds":	0.99942702054977417,
				"bytes":	1182793728,
				"bits_per_second":	9467774664.3220253,
				"retransmits":	0,
				"omitted":	false,
				"sender":	true
			}
		}, {
			"streams":	[{
					"socket":	5,
					"start":	8.000265,
					"end":	9.000242,
					"seconds":	0.9999769926071167,
					"bytes":	803078144,
					"bits_per_second":	6424772969.27589,
					"retransmits":	0,
					"snd_cwnd":	760512,
					"snd_wnd":	-1,
					"rtt":	110,
					"rttvar":	45,
					"pmtu":	1450,
					"omitted":	false,
					"sender":	true
				}],
			"sum":	{
				"start":	8.000265,
				"end":	9.000242,
				"seconds":	0.9999769926071167,
				"bytes":	803078144,
				"bits_per_second":	6424772969.27589,
				"retransmits":	0,
				"omitted":	false,
				"sender":	true
			}
		}, {
			"streams":	[{
					"socket":	5,
					"start":	9.000242,
					"end":	10.000336,
					"seconds":	1.0000940561294556,
					"bytes":	1175453696,
					"bits_per_second":	9402745182.18191,
					"retransmits":	0,
					"snd_cwnd":	760512,
					"snd_wnd":	-1,
					"rtt":	79,
					"rttvar":	19,
					"pmtu":	1450,
					"omitted":	false,
					"sender":	true
				}],
			"sum":	{
				"start":	9.000242,
				"end":	10.000336,
				"seconds":	1.0000940561294556,
				"bytes":	1175453696,
				"bits_per_second":	9402745182.18191,
				"retransmits":	0,
				"omitted":	false,
				"sender":	true
			}
		}],
	"end":	{
		"streams":	[{
				"sender":	{
					"socket":	5,
					"start":	0,
					"end":	10.000336,
					"seconds":	10.000336,
					"bytes":	12018647040,
					"bits_per_second":	9614594581.622057,
					"retransmits":	0,
					"max_snd_cwnd":	760512,
					"max_snd_wnd":	0,
					"max_rtt":	130,
					"min_rtt":	79,
					"mean_rtt":	101,
					"sender":	true
				},
				"receiver":	{
					"socket":	5,
					"start":	0,
					"end":	10.000443,
					"seconds":	10.000336,
					"bytes":	12018778112,
					"bits_per_second":	9614596562.97226,
					"sender":	true
				}
			}],
		"sum_sent":	{
			"start":	0,
			"end":	10.000336,
			"seconds":	10.000336,
			"bytes":	12018647040,
			"bits_per_second":	9614594581.622057,
			"retransmits":	0,
			"sender":	true
		},
		"sum_received":	{
			"start":	0,
			"end":	10.000443,
			"seconds":	10.000443,
			"bytes":	12018778112,
			"bits_per_second":	9614596562.97226,
			"sender":	true
		},
		"cpu_utilization_percent":	{
			"host_total":	100.7924598330771,
			"host_user":	0.2242116596462207,
			"host_system":	100.56825817216703,
			"remote_total":	75.0228239272754,