{
	"start":	{
		"connected":	[{
				"socket":	5,
				"local_host":	"10.244.1.49",
				"local_port":	38700,
				"remote_host":	"10.96.110.210",
				"remote_port":	5201
			}],
		"version":	"iperf 3.19.1",
		"system_info":	"Linux iperf3-client-746d857c58-46qws 6.17.0-14-generic #14~24.04.1-Ubuntu SMP PREEMPT_DYNAMIC Thu Jan 15 15:52:10 UTC 2 x86_64",
		"timestamp":	{
			"time":	"Mon, 13 Apr 2026 10:49:04 UTC",
			"timesecs":	1776077344
		},
		"connecting_to":	{
			"host":	"10.96.110.210",
			"port":	5201
		},
		"cookie":	"7viauk2oxn37qx6q7x6nppwbm3ja7xn6glo4",
		"tcp_mss_default":	1398,
		"target_bitrate":	0,
		"fq_rate":	0,
		"sock_bufsize":	0,
		"sndbuf_actual":	16384,
		"rcvbuf_actual":	131072,
		"test_start":	{
			"protocol":	"TCP",
			"num_streams":	1,
			"blksize":	131072,
			"omit":	0,
			"duration":	10,
			"bytes":	0,
			"blocks":	0,
			"reverse":	0,
			"tos":	0,
			"target_bitrate":	0,
			"bidir":	0,
			"fqrate":	0,
			"interval":	1
		}
	},
	"intervals":	[{
			"streams":	[{
					"socket":	5,
					"start":	0,
					"end":	1.000851,
					"seconds":	1.000851035118103,
					"bytes":	854196224,
					"bits_per_second":	6827759129.2031,
					"retransmits":	0,
					"snd_cwnd":	494892,
					"snd_wnd":	-1,
					"rtt":	119,
					"rttvar":	32,
					"pmtu":	1450,
					"omitted":	false,
					"sender":	true
				}],
			"sum":	{
				"start":	0,
				"end":	1.000851,
				"seconds":	1.000851035118103,
				"bytes":	854196224,
				"bits_per_second":	6827759129.2031,
				"retransmits":	0,
				"omitted":	false,
				"sender":	true
			}
		}, {
			"streams":	[{
					"socket":	5,
					"start":	1.000851,
					"end":	2.000849,
					"seconds":	0.99999797344207764,
					"bytes":	877920256,
					"bits_per_second":	7023376281.2788448,
					"retransmits":	0,
					"snd_cwnd":	686418,
					"snd_wnd":	-1,
					"rtt":	104,
					"rttvar":	33,
					"pmtu":	1450,
					"omitted":	false,
					"sender":	true
				}],
			"sum":	{
				"start":	1.000851,
				"end":	2.000849,
				"seconds":	0.99999797344207764,
				"bytes":	877920256,
				"bits_per_second":	7023376281.2788448,
				"retransmits":	0,
				"omitted":	false,
				"sender":	true
			}
		}, {
			"streams":	[{
					"socket":	5,
					"start":	2.000849,
					"end":	3.000861,
					"seconds":	1.0000120401382446,
					"bytes":	884473856,
					"bits_per_second":	7075705655.52573,
					"retransmits":	0,
					"snd_cwnd":	768900,
					"snd_wnd":	-1,
					"rtt":	105,
					"rttvar":	28,
					"pmtu":	1450,
					"omitted":	false,
					"sender":	true
				}],
			"sum":	{
				"start":	2.000849,
				"end":	3.000861,
				"seconds":	1.0000120401382446,
				"bytes":	884473856,
				"bits_per_second":	7075705655.52573,
				"retransmits":	0,
				"omitted":	false,
				"sender":	true
			}
		}, {
			"streams":	[{
					"socket":	5,
					"start":	3.000861,
					"end":	4.00086,
					"seconds":	0.99999898672103882,
					"bytes":	841220096,
					"bits_per_second":	6729767587.13191,
					"retransmits":	0,
					"snd_cwnd":	820626,
					"snd_wnd":	-1,
					"rtt":	129,
					"rttvar":	46,
					"pmtu":	1450,
					"omitted":	false,
					"sender":	true
				}],
			"sum":	{
				"start":	3.000861,
				"end":	4.00086,
				"seconds":	0.99999898672103882,
				"bytes":	841220096,
				"bits_per_second":	6729767587.13191,
				"retransmits":	0,
				"omitted":	false,
				"sender":	true
			}
		}, {
			"streams":	[{
					"socket":	5,
					"start":	4.00086,
					"end":	5.000858,
					"seconds":	0.99999797344207764,
					"bytes":	859176960,
					"bits_per_second":	6873429609.40323,
					"retransmits":	0,
					"snd_cwnd":	820626,
					"snd_wnd":	-1,
					"rtt":	149,
					"rttvar":	29,
					"pmtu":	1450,
					"omitted":	false,
					"sender":	true
				}],
			"sum":	{
				"start":	4.00086,
				"end":	5.000858,
				"seconds":	0.99999797344207764,
				"bytes":	859176960,
				"bits_per_second":	6873429609.40323,
				"retransmits":	0,
				"omitted":	false,
				"sender":	true
			}
		}, {
			"streams":	[{
					"socket":	5,
					"start":	5.000858,
					"end":	6.000959,
					"seconds":	1.0001009702682495,
					"bytes":	819986432,
					"bits_per_second":	6559229168.87131,
					"retransmits":	0,
					"snd_cwnd":	820626,
					"snd_wnd":	-1,
					"rtt":	142,
					"rttvar":	63,
					"pmtu":	1450,
					"omitted":	false,
					"sender":	true
				}],
			"sum":	{
				"start":	5.000858,
				"end":	6.000959,
				"seconds":	1.0001009702682495,
				"bytes":	819986432,
				"bits_per_second":	6559229168.87131,
				"retransmits":	0,
				"omitted":	false,
				"sender":	true
			}
		}, {
			"streams":	[{
					"socket":	5,
					"start":	6.000959,
					"end":	7.000891,
					"seconds":	0.99993199110031128,
					"bytes":	863633408,
					"bits_per_second":	6909537174.0205631,
					"retransmits":	0,
					"snd_cwnd":	820626,
					"snd_wnd":	-1,
					"rtt":	131,
					"rttvar":	28,
					"pmtu":	1450,
					"omitted":	false,
					"sender":	true
				}],
			"sum":	{
				"start":	6.000959,
				"end":	7.000891,
				"seconds":	0.99993199110031128,
				"bytes":	863633408,
				"bits_per_second":	6909537174.0205631,
				"retransmits":	0,
				"omitted":	false,
				"sender":	true
			}
		}, {
			"streams":	[{
					"socket":	5,
					"start":	7.000891,
					"end":	8.000853,
					"seconds":	0.9999619722366333,
					"bytes":	823656448,
					"bits_per_second":	6589502168.02915,
					"retransmits":	0,
					"snd_cwnd":	1030326,
					"snd_wnd":	-1,
					"rtt":	154,
					"rttvar":	25,
					"pmtu":	1450,
					"omitted":	false,
					"sender":	true
				}],
			"sum":	{
				"start":	7.000891,
				"end":	8.000853,
				"seconds":	0.9999619722366333,
				"bytes":	823656448,
				"bits_per_second":	6589502168.02915,
				"retransmits":	0,
				"omitted":	false,
				"sender":	true
			}
		}, {
			"streams":	[{
					"socket":	5,
					"start":	8.000853,
					"end":	9.000852,
					"seconds":	0.99999898672103882,
					"bytes":	885784576,
					"bits_per_second":	7086283788.3822756,
					"retransmits":	0,
					"snd_cwnd":	1082052,
					"snd_wnd":	-1,
					"rtt":	142,
					"rttvar":	50,
					"pmtu":	1450,
					"omitted":	false,
					"sender":	true
				}],
			"sum":	{
				"start":	8.000853,
				"end":	9.000852,
				"seconds":	0.99999898672103882,
				"bytes":	885784576,
				"bits_per_second":	7086283788.3822756,
				"retransmits":	0,
				"omitted":	false,
				"sender":	true
			}
		}, {
			"streams":	[{
					"socket":	5,
					"start":	9.000852,
					"end":	10.001117,
					"seconds":	1.0002650022506714,
					"bytes":	862453760,
					"bits_per_second":	6897802146.9063835,
					"retransmits":	0,
					"snd_cwnd":	1192494,
					"snd_wnd":	-1,
					"rtt":	150,
					"rttvar":	47,
					"pmtu":	1450,
					"omitted":	false,
					"sender":	true
				}],
			"sum":	{
				"start":	9.000852,
				"end":	10.001117,
				"seconds":	1.0002650022506714,
				"bytes":	862453760,
				"bits_per_second":	6897802146.9063835,
				"retransmits":	0,
				"omitted":	false,
				"sender":	true
			}
		}],
	"end":	{
		"streams":	[{
				"sender":	{
					"socket":	5,
					"start":	0,
					"end":	10.001117,
					"seconds":	10.001117,
					"bytes":	8628469760,
					"bits_per_second":	6902004854.0578,
					"retransmits":	0,
					"max_snd_cwnd":	1192494,
					"max_snd_wnd":	0,
					"max_rtt":	154,
					"min_rtt":	104,
					"mean_rtt":	132,
					"sender":	true
				},
				"receiver":	{
					"socket":	5,
					"start":	0,
					"end":	10.001277,
					"seconds":	10.001117,
					"bytes":	8628600832,
					"bits_per_second":	6901999280.2919064,
					"sender":	true
				}
			}],
		"sum_sent":	{
			"start":	0,
			"end":	10.001117,
			"seconds":	10.001117,
			"bytes":	8628469760,
			"bits_per_second":	6902004854.0578,
			"retransmits":	0,
			"sender":	true
		},
		"sum_received":	{
			"start":	0,
			"end":	10.001277,
			"seconds":	10.001277,
			"bytes":	8628600832,
			"bits_per_second":	6901999280.2919064,
			"sender":	true
		},
		"cpu_utilization_percent":	{
			"host_total":	99.2524160560188,
			"host_user":	0.2445524079079377,
			"host_system":	99.00786364811087,
			"remote_total":	67.353185435756856,