{
	"start":	{
		"connected":	[{
				"socket":	5,
				"local_host":	"10.244.1.2",
				"local_port":	39672,
				"remote_host":	"10.96.200.41",
				"remote_port":	5201
			}],
		"version":	"iperf 3.19.1",
		"system_info":	"Linux iperf3-client-6667c9bf87-lztbv 6.17.0-14-generic #14~24.04.1-Ubuntu SMP PREEMPT_DYNAMIC Thu Jan 15 15:52:10 UTC 2 x86_64",
		"timestamp":	{
			"time":	"Mon, 13 Apr 2026 10:32:33 UTC",
			"timesecs":	1776076353
		},
		"connecting_to":	{
			"host":	"10.96.200.41",
			"port":	5201
		},
		"cookie":	"kdlfhmm7jo3mdhdg2oo5mrevytv536hc2erb",
		"tcp_mss_default":	1398,
		"target_bitrate":	0,
		"fq_rate":	0,
		"sock_bufsize":	0,
		"sndbuf_actual":	16384,
		"rcvbuf_actual":	131072,
		"test_start":	{
			"protocol":	"TCP",
			"num_streams":	1,
			"blksize":	131072,
			"omit":	0,
			"duration":	10,
			"bytes":	0,
			"blocks":	0,
			"reverse":	0,
			"tos":	0,
			"target_bitrate":	0,
			"bidir":	0,
			"fqrate":	0,
			"interval":	1
		}
	},
	"intervals":	[{
			"streams":	[{
					"socket":	5,
					"start":	0,
					"end":	1.000479,
					"seconds":	1.000478982925415,
					"bytes":	1050017792,
					"bits_per_second":	8396120737.527,
					"retransmits":	0,
					"snd_cwnd":	510270,
					"snd_wnd":	-1,
					"rtt":	85,
					"rttvar":	19,
					"pmtu":	1450,
					"omitted":	false,
					"sender":	true
				}],
			"sum":	{
				"start":	0,
				"end":	1.000479,
				"seconds":	1.000478982925415,
				"bytes":	1050017792,
				"bits_per_second":	8396120737.527,
				"retransmits":	0,
				"omitted":	false,
				"sender":	true
			}
		}, {
			"streams":	[{
					"socket":	5,
					"start":	1.000479,
					"end":	2.000244,
					"seconds":	0.99976497888565063,
					"bytes":	482607104,
					"bits_per_second":	3861764428.1792655,
					"retransmits":	0,
					"snd_cwnd":	510270,
					"snd_wnd":	-1,
					"rtt":	98,
					"rttvar":	20,
					"pmtu":	1450,
					"omitted":	false,
					"sender":	true
				}],
			"sum":	{
				"start":	1.000479,
				"end":	2.000244,
				"seconds":	0.99976497888565063,
				"bytes":	482607104,
				"bits_per_second":	3861764428.1792655,
				"retransmits":	0,
				"omitted":	false,
				"sender":	true
			}
		}, {
			"streams":	[{
					"socket":	5,
					"start":	2.000244,
					"end":	3.000255,
					"seconds":	1.0000109672546387,
					"bytes":	826540032,
					"bits_per_second":	6612247737.7953253,
					"retransmits":	0,
					"snd_cwnd":	510270,
					"snd_wnd":	-1,
					"rtt":	102,
					"rttvar":	38,
					"pmtu":	1450,
					"omitted":	false,
					"sender":	true
				}],
			"sum":	{
				"start":	2.000244,
				"end":	3.000255,
				"seconds":	1.0000109672546387,
				"bytes":	826540032,
				"bits_per_second":	6612247737.7953253,
				"retransmits":	0,
				"omitted":	false,
				"sender":	true
			}
		}, {
			"streams":	[{
					"socket":	5,
					"start":	3.000255,
					"end":	4.000266,
					"seconds":	1.0000109672546387,
					"bytes":	592183296,
					"bits_per_second":	4737414411.56982,
					"retransmits":	0,
					"snd_cwnd":	539628,
					"snd_wnd":	-1,
					"rtt":	121,
					"rttvar":	35,
					"pmtu":	1450,
					"omitted":	false,
					"sender":	true
				}],
			"sum":	{
				"start":	3.000255,
				"end":	4.000266,
				"seconds":	1.0000109672546387,
				"bytes":	592183296,
				"bits_per_second":	4737414411.56982,
				"retransmits":	0,
				"omitted":	false,
				"sender":	true
			}
		}, {
			"streams":	[{
					"socket":	5,
					"start":	4.000266,
					"end":	5.000247,
					"seconds":	0.99998098611831665,
					"bytes":	929300480,
					"bits_per_second":	7434545199.5627937,
					"retransmits":	0,
					"snd_cwnd":	539628,
					"snd_wnd":	-1,
					"rtt":	104,
					"rttvar":	32,
					"pmtu":	1450,
					"omitted":	false,
					"sender":	true
				}],
			"sum":	{
				"start":	4.000266,
				"end":	5.000247,
				"seconds":	0.99998098611831665,
				"bytes":	929300480,
				"bits_per_second":	7434545199.5627937,
				"retransmits":	0,
				"omitted":	false,
				"sender":	true
			}
		}, {
			"streams":	[{
					"socket":	5,
					"start":	5.000247,
					"end":	6.000515,
					"seconds":	1.00026798248291,
					"bytes":	917241856,
					"bits_per_second":	7335968936.8297567,
					"retransmits":	0,
					"snd_cwnd":	539628,
					"snd_wnd":	-1,
					"rtt":	122,
					"rttvar":	44,
					"pmtu":	1450,
					"omitted":	false,
					"sender":	true
				}],
			"sum":	{
				"start":	5.000247,
				"end":	6.000515,
				"seconds":	1.00026798248291,
				"bytes":	917241856,
				"bits_per_second":	7335968936.8297567,
				"retransmits":	0,
				"omitted":	false,
				"sender":	true
			}
		}, {
			"streams":	[{
					"socket":	5,
					"start":	6.000515,
					"end":	7.000307,
					"seconds":	0.999791979789734,
					"bytes":	713293824,
					"bits_per_second":	5707537875.2289066,
					"retransmits":	0,
					"snd_cwnd":	539628,
					"snd_wnd":	-1,
					"rtt":	97,
					"rttvar":	33,
					"pmtu":	1450,
					"omitted":	false,
					"sender":	true
				}],
			"sum":	{
				"start":	6.000515,
				"end":	7.000307,
				"seconds":	0.999791979789734,
				"bytes":	713293824,
				"bits_per_second":	5707537875.2289066,
				"retransmits":	0,
				"omitted":	false,
				"sender":	true
			}
		}, {
			"streams":	[{
					"socket":	5,
					"start":	7.000307,
					"end":	8.000312,
					"seconds":	1.0000050067901611,
					"bytes":	871104512,
					"bits_per_second":	6968801204.6746931,
					"retransmits":	0,
					"snd_cwnd":	539628,
					"snd_wnd":	-1,
					"rtt":	179,
					"rttvar":	70,
					"pmtu":	1450,
					"omitted":	false,
					"sender":	true
				}],
			"sum":	{
				"start":	7.000307,
				"end":	8.000312,
				"seconds":	1.0000050067901611,
				"bytes":	871104512,
				"bits_per_second":	6968801204.6746931,
				"retransmits":	0,
				"omitted":	false,
				"sender":	true
			}
		}, {
			"streams":	[{
					"socket":	5,
					"start":	8.000312,
					"end":	9.000244,
					"seconds":	0.99993199110031128,
					"bytes":	764936192,
					"bits_per_second":	6119905744.0558519,
					"retransmits":	0,
					"snd_cwnd":	1045704,
					"snd_wnd":	-1,
					"rtt":	111,
					"rttvar":	24,
					"pmtu":	1450,
					"omitted":	false,
					"sender":	true
				}],
			"sum":	{
				"start":	8.000312,
				"end":	9.000244,
				"seconds":	0.99993199110031128,
				"bytes":	764936192,
				"bits_per_second":	6119905744.0558519,
				"retransmits":	0,
				"omitted":	false,
				"sender":	true
			}
		}, {
			"streams":	[{
					"socket":	5,
					"start":	9.000244,
					"end":	10.000416,
					"seconds":	1.0001720190048218,
					"bytes":	1040842752,
					"bits_per_second":	8325309904.4754,
					"retransmits":	0,
					"snd_cwnd":	1045704,
					"snd_wnd":	-1,
					"rtt":	97,
					"rttvar":	32,
					"pmtu":	1450,
					"omitted":	false,
					"sender":	true
				}],
			"sum":	{
				"start":	9.000244,
				"end":	10.000416,
				"seconds":	1.0001720190048218,
				"bytes":	1040842752,
				"bits_per_second":	8325309904.4754,
				"retransmits":	0,
				"omitted":	false,
				"sender":	true
			}
		}],
	"end":	{
		"streams":	[{
				"sender":	{
					"socket":	5,
					"start":	0,
					"end":	10.000416,
					"seconds":	10.000416,
					"bytes":	10845552640,
					"bits_per_second":	8676081187.02262,
					"retransmits":	0,
					"max_snd_cwnd":	1045704,
					"max_snd_wnd":	0,
					"max_rtt":	179,
					"min_rtt":	85,
					"mean_rtt":	111,
					"sender":	true
				},
				"receiver":	{
					"socket":	5,
					"start":	0,
					"end":	10.000653,
					"seconds":	10.000416,
					"bytes":	10845683712,
					"bits_per_second":	8675980428.0780468,
					"sender":	true
				}
			}],
		"sum_sent":	{
			"start":	0,
			"end":	10.000416,
			"seconds":	10.000416,
			"bytes":	10845552640,
			"bits_per_second":	8676081187.02262,
			"retransmits":	0,
			"sender":	true
		},
		"sum_received":	{
			"start":	0,
			"end":	10.000653,
			"seconds":	10.000653,
			"bytes":	10845683712,
			"bits_per_second":	8675980428.0780468,
			"sender":	true
		},
		"cpu_utilization_percent":	{
			"host_total":	101.06399114763845,
			"host_user":	0.25744398358669618,
			"host_system":	100.80655716265295,
			"remote_total":	81.492487764588134,