{
	"start":	{
		"connected":	[{
				"socket":	5,
				"local_host":	"10.244.1.2",
				"local_port":	55128,
				"remote_host":	"10.244.0.5",
				"remote_port":	5201
			}],
		"version":	"iperf 3.19.1",
		"system_info":	"Linux iperf3-client-6667c9bf87-lztbv 6.17.0-14-generic #14~24.04.1-Ubuntu SMP PREEMPT_DYNAMIC Thu Jan 15 15:52:10 UTC 2 x86_64",
		"timestamp":	{
			"time":	"Mon, 13 Apr 2026 10:32:54 UTC",
			"timesecs":	1776076374
		},
		"connecting_to":	{
			"host":	"10.244.0.5",
			"port":	5201
		},
		"cookie":	"z57bkfpfag2e6xgth7anhuxe6srgt44ds5nw",
		"tcp_mss_default":	1398,
		"target_bitrate":	0,
		"fq_rate":	0,
		"sock_bufsize":	0,
		"sndbuf_actual":	16384,
		"rcvbuf_actual":	131072,
		"test_start":	{
			"protocol":	"TCP",
			"num_streams":	1,
			"blksize":	131072,
			"omit":	0,
			"duration":	10,
			"bytes":	0,
			"blocks":	0,
			"reverse":	0,
			"tos":	0,
			"target_bitrate":	0,
			"bidir":	0,
			"fqrate":	0,
			"interval":	1
		}
	},
	"intervals":	[{
			"streams":	[{
					"socket":	5,
					"start":	0,
					"end":	1.000505,
					"seconds":	1.0005049705505371,
					"bytes":	1169686528,
					"bits_per_second":	9352769350.9118233,
					"retransmits":	0,
					"snd_cwnd":	461340,
					"snd_wnd":	-1,
					"rtt":	101,
					"rttvar":	25,
					"pmtu":	1450,
					"omitted":	false,
					"sender":	true
				}],
			"sum":	{
				"start":	0,
				"end":	1.000505,
				"seconds":	1.0005049705505371,
				"bytes":	1169686528,
				"bits_per_second":	9352769350.9118233,
				"retransmits":	0,
				"omitted":	false,
				"sender":	true
			}
		}, {
			"streams":	[{
					"socket":	5,
					"start":	1.000505,
					"end":	2.000515,
					"seconds":	1.0000100135803223,
					"bytes":	833355776,
					"bits_per_second":	6666779449.66849,
					"retransmits":	0,
					"snd_cwnd":	461340,
					"snd_wnd":	-1,
					"rtt":	97,
					"rttvar":	34,
					"pmtu":	1450,
					"omitted":	false,
					"sender":	true
				}],
			"sum":	{
				"start":	1.000505,
				"end":	2.000515,
				"seconds":	1.0000100135803223,
				"bytes":	833355776,
				"bits_per_second":	6666779449.66849,
				"retransmits":	0,
				"omitted":	false,
				"sender":	true
			}
		}, {
			"streams":	[{
					"socket":	5,
					"start":	2.000515,
					"end":	3.000538,
					"seconds":	1.0000230073928833,
					"bytes":	885522432,
					"bits_per_second":	7084016471.2498541,
					"retransmits":	0,
					"snd_cwnd":	461340,
					"snd_wnd":	-1,
					"rtt":	99,
					"rttvar":	26,
					"pmtu":	1450,
					"omitted":	false,
					"sender":	true
				}],
			"sum":	{
				"start":	2.000515,
				"end":	3.000538,
				"seconds":	1.0000230073928833,
				"bytes":	885522432,
				"bits_per_second":	7084016471.2498541,
				"retransmits":	0,
				"omitted":	false,
				"sender":	true
			}
		}, {
			"streams":	[{
					"socket":	5,
					"start":	3.000538,
					"end":	4.000507,
					"seconds":	0.9999690055847168,
					"bytes":	661913600,
					"bits_per_second":	5295472930.0871162,
					"retransmits":	0,
					"snd_cwnd":	461340,
					"snd_wnd":	-1,
					"rtt":	98,
					"rttvar":	27,
					"pmtu":	1450,
					"omitted":	false,
					"sender":	true
				}],
			"sum":	{
				"start":	3.000538,
				"end":	4.000507,
				"seconds":	0.9999690055847168,
				"bytes":	661913600,
				"bits_per_second":	5295472930.0871162,
				"retransmits":	0,
				"omitted":	false,
				"sender":	true
			}
		}, {
			"streams":	[{
					"socket":	5,
					"start":	4.000507,
					"end":	5.000542,
					"seconds":	1.0000350475311279,
					"bytes":	784334848,
					"bits_per_second":	6274458879.7071028,
					"retransmits":	0,
					"snd_cwnd":	461340,
					"snd_wnd":	-1,
					"rtt":	100,
					"rttvar":	23,
					"pmtu":	1450,
					"omitted":	false,
					"sender":	true
				}],
			"sum":	{
				"start":	4.000507,
				"end":	5.000542,
				"seconds":	1.0000350475311279,
				"bytes":	784334848,
				"bits_per_second":	6274458879.7071028,
				"retransmits":	0,
				"omitted":	false,
				"sender":	true
			}
		}, {
			"streams":	[{
					"socket":	5,
					"start":	5.000542,
					"end":	6.000533,
					"seconds":	0.999990999698639,
					"bytes":	1066008576,
					"bits_per_second":	8528145363.8783264,
					"retransmits":	0,
					"snd_cwnd":	461340,
					"snd_wnd":	-1,
					"rtt":	108,
					"rttvar":	25,
					"pmtu":	1450,
					"omitted":	false,
					"sender":	true
				}],
			"sum":	{
				"start":	5.000542,
				"end":	6.000533,
				"seconds":	0.999990999698639,
				"bytes":	1066008576,
				"bits_per_second":	8528145363.8783264,
				"retransmits":	0,
				"omitted":	false,
				"sender":	true
			}
		}, {
			"streams":	[{
					"socket":	5,
					"start":	6.000533,
					"end":	7.00054,
					"seconds":	1.0000070333480835,
					"bytes":	1125515264,
					"bits_per_second":	9004058783.3204136,
					"retransmits":	0,
					"snd_cwnd":	490698,
					"snd_wnd":	-1,
					"rtt":	105,
					"rttvar":	30,
					"pmtu":	1450,
					"omitted":	false,
					"sender":	true
				}],
			"sum":	{
				"start":	6.000533,
				"end":	7.00054,
				"seconds":	1.0000070333480835,
				"bytes":	1125515264,
				"bits_per_second":	9004058783.3204136,
				"retransmits":	0,
				"omitted":	false,
				"sender":	true
			}
		}, {
			"streams":	[{
					"socket":	5,
					"start":	7.00054,
					"end":	8.000511,
					"seconds":	0.99997097253799438,
					"bytes":	819331072,
					"bits_per_second":	6554838846.3355646,
					"retransmits":	0,
					"snd_cwnd":	490698,
					"snd_wnd":	-1,
					"rtt":	108,
					"rttvar":	37,
					"pmtu":	1450,
					"omitted":	false,
					"sender":	true
				}],
			"sum":	{
				"start":	7.00054,
				"end":	8.000511,
				"seconds":	0.99997097253799438,
				"bytes":	819331072,
				"bits_per_second":	6554838846.3355646,
				"retransmits":	0,
				"omitted":	false,
				"sender":	true
			}
		}, {
			"streams":	[{
					"socket":	5,
					"start":	8.000511,
					"end":	9.000523,
					"seconds":	1.0000120401382446,
					"bytes":	1048182784,
					"bits_per_second":	8385361311.0905828,
					"retransmits":	0,
					"snd_cwnd":	490698,
					"snd_wnd":	-1,
					"rtt":	108,
					"rttvar":	28,
					"pmtu":	1450,
					"omitted":	false,
					"sender":	true
				}],
			"sum":	{
				"start":	8.000511,
				"end":	9.000523,
				"seconds":	1.0000120401382446,
				"bytes":	1048182784,
				"bits_per_second":	8385361311.0905828,
				"retransmits":	0,
				"omitted":	false,
				"sender":	true
			}
		}, {
			"streams":	[{
					"socket":	5,
					"start":	9.000523,
					"end":	10.00065,
					"seconds":	1.0001269578933716,
					"bytes":	1035599872,
					"bits_per_second":	8283747288.89498,
					"retransmits":	0,
					"snd_cwnd":	490698,
					"snd_wnd":	-1,
					"rtt":	110,
					"rttvar":	23,
					"pmtu":	1450,
					"omitted":	false,
					"sender":	true
				}],
			"sum":	{
				"start":	9.000523,
				"end":	10.00065,
				"seconds":	1.0001269578933716,
				"bytes":	1035599872,
				"bits_per_second":	8283747288.89498,
				"retransmits":	0,
				"omitted":	false,
				"sender":	true
			}
		}],
	"end":	{
		"streams":	[{
				"sender":	{
					"socket":	5,
					"start":	0,
					"end":	10.00065,
					"seconds":	10.00065,
					"bytes":	11173101568,
					"bits_per_second":	8937900290.88109,
					"retransmits":	0,
					"max_snd_cwnd":	490698,
					"max_snd_wnd":	0,
					"max_rtt":	110,
					"min_rtt":	97,
					"mean_rtt":	103,
					"sender":	true
				},
				"receiver":	{
					"socket":	5,
					"start":	0,
					"end":	10.000822,
					"seconds":	10.00065,
					"bytes":	11173101568,
					"bits_per_second":	8937746571.631813,
					"sender":	true
				}
			}],
		"sum_sent":	{
			"start":	0,
			"end":	10.00065,
			"seconds":	10.00065,
			"bytes":	11173101568,
			"bits_per_second":	8937900290.88109,
			"retransmits":	0,
			"sender":	true
		},
		"sum_received":	{
			"start":	0,
			"end":	10.000822,
			"seconds":	10.000822,
			"bytes":	11173101568,
			"bits_per_second":	8937746571.631813,
			"sender":	true
		},
		"cpu_utilization_percent":	{
			"host_total":	100.62068411827512,
			"host_user":	0.17752685573603408,
			"host_system":	100.44316726067244,
			"remote_total":	75.244634108247155,