{
	"start":	{
		"connected":	[{
				"socket":	5,
				"local_host":	"10.244.1.49",
				"local_port":	51416,
				"remote_host":	"10.244.0.208",
				"remote_port":	5201
			}],
		"version":	"iperf 3.19.1",
		"system_info":	"Linux iperf3-client-746d857c58-46qws 6.17.0-14-generic #14~24.04.1-Ubuntu SMP PREEMPT_DYNAMIC Thu Jan 15 15:52:10 UTC 2 x86_64",
		"timestamp":	{
			"time":	"Mon, 13 Apr 2026 10:49:15 UTC",
			"timesecs":	1776077355
		},
		"connecting_to":	{
			"host":	"10.244.0.208",
			"port":	5201
		},
		"cookie":	"2orzui3blkh3zehvjm3rrghq3jqkv2va65lq",
		"tcp_mss_default":	1398,
		"target_bitrate":	0,
		"fq_rate":	0,
		"sock_bufsize":	0,
		"sndbuf_actual":	16384,
		"rcvbuf_actual":	131072,
		"test_start":	{
			"protocol":	"TCP",
			"num_streams":	1,
			"blksize":	131072,
			"omit":	0,
			"duration":	10,
			"bytes":	0,
			"blocks":	0,
			"reverse":	0,
			"tos":	0,
			"target_bitrate":	0,
			"bidir":	0,
			"fqrate":	0,
			"interval":	1
		}
	},
	"intervals":	[{
			"streams":	[{
					"socket":	5,
					"start":	0,
					"end":	1.000288,
					"seconds":	1.0002880096435547,
					"bytes":	893911040,
					"bits_per_second":	7149229273.0253849,
					"retransmits":	0,
					"snd_cwnd":	548016,
					"snd_wnd":	-1,
					"rtt":	106,
					"rttvar":	23,
					"pmtu":	1450,
					"omitted":	false,
					"sender":	true
				}],
			"sum":	{
				"start":	0,
				"end":	1.000288,
				"seconds":	1.0002880096435547,
				"bytes":	893911040,
				"bits_per_second":	7149229273.0253849,
				"retransmits":	0,
				"omitted":	false,
				"sender":	true
			}
		}, {
			"streams":	[{
					"socket":	5,
					"start":	1.000288,
					"end":	2.000306,
					"seconds":	1.0000180006027222,
					"bytes":	811466752,
					"bits_per_second":	6491617162.978425,
					"retransmits":	0,
					"snd_cwnd":	610926,
					"snd_wnd":	-1,
					"rtt":	139,
					"rttvar":	41,
					"pmtu":	1450,
					"omitted":	false,
					"sender":	true
				}],
			"sum":	{
				"start":	1.000288,
				"end":	2.000306,
				"seconds":	1.0000180006027222,
				"bytes":	811466752,
				"bits_per_second":	6491617162.978425,
				"retransmits":	0,
				"omitted":	false,
				"sender":	true
			}
		}, {
			"streams":	[{
					"socket":	5,
					"start":	2.000306,
					"end":	3.000771,
					"seconds":	1.0004650354385376,
					"bytes":	834797568,
					"bits_per_second":	6675276303.95663,
					"retransmits":	0,
					"snd_cwnd":	746532,
					"snd_wnd":	-1,
					"rtt":	113,
					"rttvar":	31,
					"pmtu":	1450,
					"omitted":	false,
					"sender":	true
				}],
			"sum":	{
				"start":	2.000306,
				"end":	3.000771,
				"seconds":	1.0004650354385376,
				"bytes":	834797568,
				"bits_per_second":	6675276303.95663,
				"retransmits":	0,
				"omitted":	false,
				"sender":	true
			}
		}, {
			"streams":	[{
					"socket":	5,
					"start":	3.000771,
					"end":	4.000284,
					"seconds":	0.99951297044754028,
					"bytes":	876478464,
					"bits_per_second":	7015244343.31292,
					"retransmits":	0,
					"snd_cwnd":	784278,
					"snd_wnd":	-1,
					"rtt":	98,
					"rttvar":	26,
					"pmtu":	1450,
					"omitted":	false,
					"sender":	true
				}],
			"sum":	{
				"start":	3.000771,
				"end":	4.000284,
				"seconds":	0.99951297044754028,
				"bytes":	876478464,
				"bits_per_second":	7015244343.31292,
				"retransmits":	0,
				"omitted":	false,
				"sender":	true
			}
		}, {
			"streams":	[{
					"socket":	5,
					"start":	4.000284,
					"end":	5.000574,
					"seconds":	1.0002900362014771,
					"bytes":	829554688,
					"bits_per_second":	6634513254.9768772,
					"retransmits":	0,
					"snd_cwnd":	784278,
					"snd_wnd":	-1,
					"rtt":	128,
					"rttvar":	35,
					"pmtu":	1450,
					"omitted":	false,
					"sender":	true
				}],
			"sum":	{
				"start":	4.000284,
				"end":	5.000574,
				"seconds":	1.0002900362014771,
				"bytes":	829554688,
				"bits_per_second":	6634513254.9768772,
				"retransmits":	0,
				"omitted":	false,
				"sender":	true
			}
		}, {
			"streams":	[{
					"socket":	5,
					"start":	5.000574,
					"end":	6.000316,
					"seconds":	0.99974197149276733,
					"bytes":	907149312,
					"bits_per_second":	7259067542.3618565,
					"retransmits":	0,
					"snd_cwnd":	784278,
					"snd_wnd":	-1,
					"rtt":	180,
					"rttvar":	56,
					"pmtu":	1450,
					"omitted":	false,
					"sender":	true
				}],
			"sum":	{
				"start":	5.000574,
				"end":	6.000316,
				"seconds":	0.99974197149276733,
				"bytes":	907149312,
				"bits_per_second":	7259067542.3618565,
				"retransmits":	0,
				"omitted":	false,
				"sender":	true
			}
		}, {
			"streams":	[{
					"socket":	5,
					"start":	6.000316,
					"end":	7.000322,
					"seconds":	1.0000059604644775,
					"bytes":	868614144,
					"bits_per_second":	6948871733.4968739,
					"retransmits":	0,
					"snd_cwnd":	865362,
					"snd_wnd":	-1,
					"rtt":	112,
					"rttvar":	31,
					"pmtu":	1450,
					"omitted":	false,
					"sender":	true
				}],
			"sum":	{
				"start":	6.000316,
				"end":	7.000322,
				"seconds":	1.0000059604644775,
				"bytes":	868614144,
				"bits_per_second":	6948871733.4968739,
				"retransmits":	0,
				"omitted":	false,
				"sender":	true
			}
		}, {
			"streams":	[{
					"socket":	5,
					"start":	7.000322,
					"end":	8.000342,
					"seconds":	1.0000200271606445,
					"bytes":	832700416,
					"bits_per_second":	6661469917.67183,
					"retransmits":	0,
					"snd_cwnd":	908700,
					"snd_wnd":	-1,
					"rtt":	142,
					"rttvar":	68,
					"pmtu":	1450,
					"omitted":	false,
					"sender":	true
				}],
			"sum":	{
				"start":	7.000322,
				"end":	8.000342,
				"seconds":	1.0000200271606445,
				"bytes":	832700416,
				"bits_per_second":	6661469917.67183,
				"retransmits":	0,
				"omitted":	false,
				"sender":	true
			}
		}, {
			"streams":	[{
					"socket":	5,
					"start":	8.000342,
					"end":	9.000307,
					"seconds":	0.999965012073517,
					"bytes":	852099072,
					"bits_per_second":	6817031089.7826023,
					"retransmits":	0,
					"snd_cwnd":	908700,
					"snd_wnd":	-1,
					"rtt":	119,
					"rttvar":	33,
					"pmtu":	1450,
					"omitted":	false,
					"sender":	true
				}],
			"sum":	{
				"start":	8.000342,
				"end":	9.000307,
				"seconds":	0.999965012073517,
				"bytes":	852099072,
				"bits_per_second":	6817031089.7826023,
				"retransmits":	0,
				"omitted":	false,
				"sender":	true
			}
		}, {
			"streams":	[{
					"socket":	5,
					"start":	9.000307,
					"end":	10.00042,
					"seconds":	1.0001130104064941,
					"bytes":	875429888,
					"bits_per_second":	7002647731.93328,
					"retransmits":	0,
					"snd_cwnd":	954834,
					"snd_wnd":	-1,
					"rtt":	129,
					"rttvar":	46,
					"pmtu":	1450,
					"omitted":	false,
					"sender":	true
				}],
			"sum":	{
				"start":	9.000307,
				"end":	10.00042,
				"seconds":	1.0001130104064941,
				"bytes":	875429888,
				"bits_per_second":	7002647731.93328,
				"retransmits":	0,
				"omitted":	false,
				"sender":	true
			}
		}],
	"end":	{
		"streams":	[{
				"sender":	{
					"socket":	5,
					"start":	0,
					"end":	10.00042,
					"seconds":	10.00042,
					"bytes":	8787722240,
					"bits_per_second":	7029882536.93345,
					"retransmits":	0,
					"max_snd_cwnd":	954834,
					"max_snd_wnd":	0,
					"max_rtt":	180,
					"min_rtt":	98,
					"mean_rtt":	126,
					"sender":	true
				},
				"receiver":	{
					"socket":	5,
					"start":	0,
					"end":	10.000676,
					"seconds":	10.00042,
					"bytes":	8787722240,
					"bits_per_second":	7029702584.1053143,
					"sender":	true
				}
			}],
		"sum_sent":	{
			"start":	0,
			"end":	10.00042,
			"seconds":	10.00042,
			"bytes":	8787722240,
			"bits_per_second":	7029882536.93345,
			"retransmits":	0,
			"sender":	true
		},
		"sum_received":	{
			"start":	0,
			"end":	10.000676,
			"seconds":	10.000676,
			"bytes":	8787722240,
			"bits_per_second":	7029702584.1053143,
			"sender":	true
		},
		"cpu_utilization_percent":	{
			"host_total":	99.303675937956328,
			"host_user":	0.24070992179802062,
			"host_system":	99.0629760144936,
			"remote_total":	72.3142839915514,