{
	"start":	{
		"connected":	[{
				"socket":	5,
				"local_host":	"10.244.1.2",
				"local_port":	33536,
				"remote_host":	"10.244.0.5",
				"remote_port":	5201
			}],
		"version":	"iperf 3.19.1",
		"system_info":	"Linux iperf3-client-6667c9bf87-lztbv 6.17.0-14-generic #14~24.04.1-Ubuntu SMP PREEMPT_DYNAMIC Thu Jan 15 15:52:10 UTC 2 x86_64",
		"timestamp":	{
			"time":	"Mon, 13 Apr 2026 10:32:44 UTC",
			"timesecs":	1776076364
		},
		"connecting_to":	{
			"host":	"10.244.0.5",
			"port":	5201
		},
		"cookie":	"ymbu7tvcg52wiayzaq7ehdmqoqhsxg3hy57i",
		"tcp_mss_default":	1398,
		"target_bitrate":	0,
		"fq_rate":	0,
		"sock_bufsize":	0,
		"sndbuf_actual":	16384,
		"rcvbuf_actual":	131072,
		"test_start":	{
			"protocol":	"TCP",
			"num_streams":	1,
			"blksize":	131072,
			"omit":	0,
			"duration":	10,
			"bytes":	0,
			"blocks":	0,
			"reverse":	0,
			"tos":	0,
			"target_bitrate":	0,
			"bidir":	0,
			"fqrate":	0,
			"interval":	1
		}
	},
	"intervals":	[{
			"streams":	[{
					"socket":	5,
					"start":	0,
					"end":	1.000254,
					"seconds":	1.0002540349960327,
					"bytes":	1132068864,
					"bits_per_second":	9054250815.4300232,
					"retransmits":	0,
					"snd_cwnd":	471126,
					"snd_wnd":	-1,
					"rtt":	106,
					"rttvar":	31,
					"pmtu":	1450,
					"omitted":	false,
					"sender":	true
				}],
			"sum":	{
				"start":	0,
				"end":	1.000254,
				"seconds":	1.0002540349960327,
				"bytes":	1132068864,
				"bits_per_second":	9054250815.4300232,
				"retransmits":	0,
				"omitted":	false,
				"sender":	true
			}
		}, {
			"streams":	[{
					"socket":	5,
					"start":	1.000254,
					"end":	2.00026,
					"seconds":	1.0000059604644775,
					"bytes":	778698752,
					"bits_per_second":	6229552884.9713182,
					"retransmits":	0,
					"snd_cwnd":	471126,
					"snd_wnd":	-1,
					"rtt":	93,
					"rttvar":	25,
					"pmtu":	1450,
					"omitted":	false,
					"sender":	true
				}],
			"sum":	{
				"start":	1.000254,
				"end":	2.00026,
				"seconds":	1.0000059604644775,
				"bytes":	778698752,
				"bits_per_second":	6229552884.9713182,
				"retransmits":	0,
				"omitted":	false,
				"sender":	true
			}
		}, {
			"streams":	[{
					"socket":	5,
					"start":	2.00026,
					"end":	3.000383,
					"seconds":	1.0001230239868164,
					"bytes":	1069154304,
					"bits_per_second":	8552182308.4364357,
					"retransmits":	0,
					"snd_cwnd":	471126,
					"snd_wnd":	-1,
					"rtt":	92,
					"rttvar":	24,
					"pmtu":	1450,
					"omitted":	false,
					"sender":	true
				}],
			"sum":	{
				"start":	2.00026,
				"end":	3.000383,
				"seconds":	1.0001230239868164,
				"bytes":	1069154304,
				"bits_per_second":	8552182308.4364357,
				"retransmits":	0,
				"omitted":	false,
				"sender":	true
			}
		}, {
			"streams":	[{
					"socket":	5,
					"start":	3.000383,
					"end":	4.000257,
					"seconds":	0.99987399578094482,
					"bytes":	682885120,
					"bits_per_second":	5463769417.9986124,
					"retransmits":	0,
					"snd_cwnd":	471126,
					"snd_wnd":	-1,
					"rtt":	143,
					"rttvar":	36,
					"pmtu":	1450,
					"omitted":	false,
					"sender":	true
				}],
			"sum":	{
				"start":	3.000383,
				"end":	4.000257,
				"seconds":	0.99987399578094482,
				"bytes":	682885120,
				"bits_per_second":	5463769417.9986124,
				"retransmits":	0,
				"omitted":	false,
				"sender":	true
			}
		}, {
			"streams":	[{
					"socket":	5,
					"start":	4.000257,
					"end":	5.00028,
					"seconds":	1.0000230073928833,
					"bytes":	314441728,
					"bits_per_second":	2515475949.4565425,
					"retransmits":	0,
					"snd_cwnd":	528444,
					"snd_wnd":	-1,
					"rtt":	106,
					"rttvar":	26,
					"pmtu":	1450,
					"omitted":	false,
					"sender":	true
				}],
			"sum":	{
				"start":	4.000257,
				"end":	5.00028,
				"seconds":	1.0000230073928833,
				"bytes":	314441728,
				"bits_per_second":	2515475949.4565425,
				"retransmits":	0,
				"omitted":	false,
				"sender":	true
			}
		}, {
			"streams":	[{
					"socket":	5,
					"start":	5.00028,
					"end":	6.00026,
					"seconds":	0.99997997283935547,
					"bytes":	1003749376,
					"bits_per_second":	8030155829.2207928,
					"retransmits":	0,
					"snd_cwnd":	587160,
					"snd_wnd":	-1,
					"rtt":	92,
					"rttvar":	25,
					"pmtu":	1450,
					"omitted":	false,
					"sender":	true
				}],
			"sum":	{
				"start":	5.00028,
				"end":	6.00026,
				"seconds":	0.99997997283935547,
				"bytes":	1003749376,
				"bits_per_second":	8030155829.2207928,
				"retransmits":	0,
				"omitted":	false,
				"sender":	true
			}
		}, {
			"streams":	[{
					"socket":	5,
					"start":	6.00026,
					"end":	7.000883,
					"seconds":	1.0006229877471924,
					"bytes":	946864128,
					"bits_per_second":	7570196884.097373,
					"retransmits":	0,
					"snd_cwnd":	587160,
					"snd_wnd":	-1,
					"rtt":	98,
					"rttvar":	24,
					"pmtu":	1450,
					"omitted":	false,
					"sender":	true
				}],
			"sum":	{
				"start":	6.00026,
				"end":	7.000883,
				"seconds":	1.0006229877471924,
				"bytes":	946864128,
				"bits_per_second":	7570196884.097373,
				"retransmits":	0,
				"omitted":	false,
				"sender":	true
			}
		}, {
			"streams":	[{
					"socket":	5,
					"start":	7.000883,
					"end":	8.000986,
					"seconds":	1.0001029968261719,
					"bytes":	1039925248,
					"bits_per_second":	8318545200.246007,
					"retransmits":	0,
					"snd_cwnd":	587160,
					"snd_wnd":	-1,
					"rtt":	129,
					"rttvar":	37,
					"pmtu":	1450,
					"omitted":	false,
					"sender":	true
				}],
			"sum":	{
				"start":	7.000883,
				"end":	8.000986,
				"seconds":	1.0001029968261719,
				"bytes":	1039925248,
				"bits_per_second":	8318545200.246007,
				"retransmits":	0,
				"omitted":	false,
				"sender":	true
			}
		}, {
			"streams":	[{
					"socket":	5,
					"start":	8.000986,
					"end":	9.000285,
					"seconds":	0.99929898977279663,
					"bytes":	584318976,
					"bits_per_second":	4677831015.3829126,
					"retransmits":	0,
					"snd_cwnd":	587160,
					"snd_wnd":	-1,
					"rtt":	101,
					"rttvar":	19,
					"pmtu":	1450,
					"omitted":	false,
					"sender":	true
				}],
			"sum":	{
				"start":	8.000986,
				"end":	9.000285,
				"seconds":	0.99929898977279663,
				"bytes":	584318976,
				"bits_per_second":	4677831015.3829126,
				"retransmits":	0,
				"omitted":	false,
				"sender":	true
			}
		}, {
			"streams":	[{
					"socket":	5,
					"start":	9.000285,
					"end":	10.000359,
					"seconds":	1.000074028968811,
					"bytes":	944111616,
					"bits_per_second":	7552333836.5139666,
					"retransmits":	0,
					"snd_cwnd":	587160,
					"snd_wnd":	-1,
					"rtt":	90,
					"rttvar":	21,
					"pmtu":	1450,
					"omitted":	false,
					"sender":	true
				}],
			"sum":	{
				"start":	9.000285,
				"end":	10.000359,
				"seconds":	1.000074028968811,
				"bytes":	944111616,
				"bits_per_second":	7552333836.5139666,
				"retransmits":	0,
				"omitted":	false,
				"sender":	true
			}
		}],
	"end":	{
		"streams":	[{
				"sender":	{
					"socket":	5,
					"start":	0,
					"end":	10.000359,
					"seconds":	10.000359,
					"bytes":	11202723840,
					"bits_per_second":	8961857341.32145,
					"retransmits":	0,
					"max_snd_cwnd":	587160,
					"max_snd_wnd":	0,
					"max_rtt":	143,
					"min_rtt":	90,
					"mean_rtt":	105,
					"sender":	true
				},
				"receiver":	{
					"socket":	5,
					"start":	0,
					"end":	10.000513,
					"seconds":	10.000359,
					"bytes":	11202854912,
					"bits_per_second":	8961824188.0191555,
					"sender":	true
				}
			}],
		"sum_sent":	{
			"start":	0,
			"end":	10.000359,
			"seconds":	10.000359,
			"bytes":	11202723840,
			"bits_per_second":	8961857341.32145,
			"retransmits":	0,
			"sender":	true
		},
		"sum_received":	{
			"start":	0,
			"end":	10.000513,
			"seconds":	10.000513,
			"bytes":	11202854912,
			"bits_per_second":	8961824188.0191555,
			"sender":	true
		},
		"cpu_utilization_percent":	{
			"host_total":	101.031118423743,
			"host_user":	0.263718675283583,
			"host_system":	100.76739974845941,
			"remote_total":	74.376077502052141,